-- phpMyAdmin SQL Dump
-- version 5.1.1
-- https://www.phpmyadmin.net/
--
-- Host: 127.0.0.1:3306
-- Generation Time: Sep 22, 2024 at 02:35 PM
-- Server version: 10.4.11-MariaDB
-- PHP Version: 8.0.7

SET SQL_MODE = "NO_AUTO_VALUE_ON_ZERO";
START TRANSACTION;
SET time_zone = "+00:00";


/*!40101 SET @OLD_CHARACTER_SET_CLIENT=@@CHARACTER_SET_CLIENT */;
/*!40101 SET @OLD_CHARACTER_SET_RESULTS=@@CHARACTER_SET_RESULTS */;
/*!40101 SET @OLD_COLLATION_CONNECTION=@@COLLATION_CONNECTION */;
/*!40101 SET NAMES utf8mb4 */;

--
-- Database: `laravel_ulan`
--

-- --------------------------------------------------------

--
-- Table structure for table `alternatif`
--

CREATE TABLE `alternatif` (
  `id_alternatif` int(10) NOT NULL,
  `nama_alternatif` varchar(128) NOT NULL,
  `ruas_jalan` float NOT NULL,
  `created_at` timestamp NOT NULL DEFAULT current_timestamp(),
  `updated_at` timestamp NOT NULL DEFAULT current_timestamp()
) ENGINE=MyISAM DEFAULT CHARSET=utf8mb4;

--
-- Dumping data for table `alternatif`
--

INSERT INTO `alternatif` (`id_alternatif`, `nama_alternatif`, `ruas_jalan`, `created_at`, `updated_at`) VALUES
(1, 'PASAR V (JL.PROVINSI)  - RAWANG PASAR IV', 6.9, '2024-03-13 13:20:04', '2024-03-28 09:25:09'),
(2, 'SIMPANG PIKIR - PASAR XI', 4.3, '2024-03-13 13:21:13', '2024-03-13 13:21:13'),
(3, 'SIJABUT TERATAI - SENTANG PALANG (JLN NASIONAL)', 8, '2024-03-13 13:21:39', '2024-03-13 13:21:39'),
(4, 'SIMPANG IV STADION MUTIARA  - SIMPANG SIUMBUT UMBUT (JLN PROVINSI)', 4.8, '2024-03-13 13:22:27', '2024-03-13 13:22:27'),
(5, 'KARANG ANYER - RENE MAS', 6.3, '2024-03-13 13:23:30', '2024-03-13 13:23:30'),
(6, 'PROF.M.YAMIN SH - PROF.M.YAMIN SH', 1.6, '2024-03-13 13:24:04', '2024-03-13 13:24:04'),
(7, 'JL. SIRSAK - JL. SIRSAK', 0.5, '2024-03-13 13:24:42', '2024-03-13 13:24:42'),
(8, 'JL. SONTOK - JL. SONTOK', 0.35, '2024-03-13 13:25:03', '2024-03-13 13:25:03'),
(9, 'JL.DR. F.L TOBING  - JL.DR. F.L TOBING', 1.96, '2024-03-13 13:25:25', '2024-03-13 13:25:25'),
(10, 'JL.SAWI  - JL.SAWI', 1.31, '2024-03-13 13:26:15', '2024-03-13 13:26:15'),
(32, 'JL.REBUNG - JL.REBUNG', 0.6, '2024-04-23 12:04:54', '2024-04-23 12:04:54'),
(33, 'JL .SEMANGGI  (SIMPANGJL.REBUNG) - JL.SEMANGGI (SIMPANG KECIPIR)', 1.55, '2024-04-23 12:08:01', '2024-04-23 12:08:01'),
(34, 'JL.PAKIS - JL.PAKIS', 1.48, '2024-04-23 12:08:58', '2024-04-23 12:08:58'),
(35, 'JL.MENTIMUN - JL.MENTIMUN', 0.65, '2024-04-23 12:09:47', '2024-04-23 12:09:47'),
(36, 'JL.PARIA - JL.PARIA', 1.1, '2024-04-23 12:10:21', '2024-04-23 12:10:21'),
(37, 'JL.WILLEM ISKANDAR  - JL.WILLEM ISKANDAR', 0.94, '2024-04-23 12:23:00', '2024-04-23 12:23:00'),
(38, 'JL.IR. SUMANTRI  - JL.IR. SUMANTRI', 0.94, '2024-04-23 12:23:48', '2024-04-23 12:23:48'),
(39, 'JL.SETIA BUDI  - JL.SETIA BUDI', 0.8, '2024-04-23 12:24:35', '2024-04-23 12:24:35'),
(40, 'JL.HUSNI THAMRIN - JL.HUSNI THAMRIN', 0.92, '2024-04-23 12:25:15', '2024-04-23 12:25:15'),
(41, 'JL.K.H. AGUS SALIM  - JL.K.H. AGUS SALIM', 0.85, '2024-04-23 12:25:57', '2024-04-23 12:25:57'),
(42, 'JL.MARAH RUSLI - JL.MARAH RUSLI', 1.03, '2024-04-23 12:26:46', '2024-04-23 12:26:46'),
(43, 'JL.SEI SILAU - JL.SEI SILAU', 0.78, '2024-04-23 12:27:22', '2024-04-23 12:27:22'),
(44, 'JL.RAMBE - JL.RAMBE', 1, '2024-04-23 12:27:55', '2024-04-23 12:27:55'),
(45, 'JL.IMAM BONJOL - JL.IMAM BONJOL', 1.3, '2024-04-23 12:28:41', '2024-04-23 12:38:33'),
(46, 'JL.KACER - JL.KACER', 0.4, '2024-04-23 12:29:31', '2024-04-23 12:29:31'),
(47, 'JL.KASWARI - JL.KASWARI', 0.26, '2024-04-23 12:29:57', '2024-04-23 12:39:01'),
(48, 'JL.MANYAR - JL.MANYAR', 0.8, '2024-04-23 12:30:32', '2024-04-23 12:39:27'),
(49, 'JL.ELANG - JL.ELANG', 0.5, '2024-04-23 12:30:51', '2024-04-23 12:39:53'),
(50, 'JL.PERGAM - JL.PERGAM', 1.1, '2024-04-23 12:31:11', '2024-04-23 12:40:17'),
(51, 'JL.CENDRAWASIH  - JL.CENDRAWASIH', 1, '2024-04-23 12:31:30', '2024-04-23 12:40:32'),
(52, 'JL.MERAK - JL.MERAK', 0.65, '2024-04-23 12:32:07', '2024-04-23 12:35:24'),
(53, 'JL.BELIBIS - JL.BELIBIS', 0.55, '2024-04-23 12:32:31', '2024-04-23 12:36:18'),
(54, 'JL.SEIRITI 1 - JL.SEIRITI 1', 0.9, '2024-04-23 12:32:50', '2024-04-23 12:36:46'),
(55, 'JL.SERITI 2 - JL.SERITI 2', 0.4, '2024-04-23 12:33:11', '2024-04-23 12:37:10'),
(56, 'JL.MERBUK - JL.MERBUK', 0.18, '2024-04-23 12:34:19', '2024-04-23 12:34:19'),
(57, 'JL.BAYAN - JL.BAYAN', 0.65, '2024-04-23 12:42:27', '2024-04-23 12:42:27'),
(58, 'JL.GELATIK - JL.GELATIK', 0.6, '2024-04-23 12:43:06', '2024-04-23 12:43:06'),
(59, 'JL.WALET - JL.WALET', 1.1, '2024-04-23 12:43:27', '2024-04-23 12:43:27'),
(60, 'JL.RAJAWALI - JL.RAJAWALI', 0.4, '2024-04-23 12:43:57', '2024-04-23 12:43:57'),
(61, 'JL.SUTAN SYAHIR - JL.SUTAN SYAHIR', 0.9, '2024-04-23 12:44:23', '2024-04-23 12:44:23'),
(62, 'JL.KEPODANG - JL.KEPODANG', 0.3, '2024-04-23 12:44:44', '2024-04-23 12:44:44'),
(63, 'JL.KUTILANG - JL.KUTILANG', 0.3, '2024-04-23 12:45:04', '2024-04-23 12:45:04'),
(64, 'JL.DASA WISMA - JL.DASA WISMA', 0.3, '2024-04-23 12:45:26', '2024-04-23 12:45:26'),
(65, 'JL.MELINJO - JL.MELINJO', 1.1, '2024-04-23 12:45:49', '2024-04-23 12:45:49'),
(66, 'JL.LABU - JL.LABU', 0.55, '2024-04-23 12:46:14', '2024-04-23 12:46:14'),
(67, 'JL.PEMBANGUNAN I - JL.PEMBANGUNAN I', 0.6, '2024-04-23 12:46:33', '2024-04-23 12:46:33'),
(68, 'JL.KENIKIR - JL.KENIKIR', 1.4, '2024-04-23 12:46:56', '2024-04-23 12:46:56'),
(69, 'JL.WORTEL - JL.WORTEL', 0.4, '2024-04-23 12:47:17', '2024-04-23 12:47:17'),
(70, 'JL.KECIPIR - JL.KECIPIR', 0.2, '2024-04-23 12:47:45', '2024-04-23 12:47:45'),
(71, 'JL.MELUR - JL.MELUR', 0.7, '2024-04-23 12:48:13', '2024-04-23 12:48:13'),
(72, 'JL.BHAKTI - JL.BHAKTI', 0.6, '2024-04-23 12:48:51', '2024-04-23 12:48:51'),
(73, 'JL.SYECH ISMAIL 2 - JL.SYECH ISMAIL 2', 0.6, '2024-04-23 12:49:04', '2024-04-23 12:49:04'),
(74, 'JL.SYECH HASAN - JL.SYECH HASAN', 1.4, '2024-04-23 12:49:29', '2024-04-23 12:49:29'),
(75, 'JL.SENTUL - JL.SENTUL', 1.4, '2024-04-23 12:49:51', '2024-04-23 12:49:51'),
(76, 'JL.SYECH ISMAIL 1 - JL.SYECH ISMAIL 1', 0.55, '2024-04-23 12:50:24', '2024-04-23 12:50:24'),
(77, 'JL.JAHE - JL.JAHE', 1.5, '2024-04-23 12:50:51', '2024-04-23 12:50:51'),
(78, 'JL.LEMBAYUNG - JL.LEMBAYUNG', 0.25, '2024-04-23 12:51:16', '2024-04-23 12:51:16'),
(79, 'JL.TERONG - JL.TERONG', 0.15, '2024-04-23 12:51:42', '2024-04-23 12:51:42'),
(80, 'JL.MADONG LUBIS - JL.MADONG LUBIS', 0.6, '2024-04-23 12:52:12', '2024-04-23 12:52:12'),
(81, 'JL.T. AMIR HAMZAH - JL.T. AMIR HAMZAH', 0.5, '2024-04-23 12:52:44', '2024-04-23 12:52:44'),
(82, 'JL.PISANG - JL.PISANG', 0.6, '2024-04-23 12:53:14', '2024-04-23 12:53:14'),
(83, 'JL.MARIA ULFA SENTOSA - JL.MARIA ULFA SENTOSA', 1.4, '2024-04-23 12:53:43', '2024-04-23 12:53:43'),
(84, 'JL.SULTAN ALI SYAHBANA - JL.SULTAN ALI SYAHBANA', 0.85, '2024-04-23 12:54:15', '2024-04-23 12:54:15'),
(85, 'JL.SANUSI PANE - JL.SANUSI PANE', 1.4, '2024-04-23 12:55:39', '2024-04-23 12:55:39'),
(86, 'JL.SULUK - JL.SULUK', 0.35, '2024-04-23 12:56:11', '2024-04-23 12:56:11'),
(87, 'JL.TOWER(SIMPANGBUDI UTOMO) - JL.TOWER (SIMPANG JL. BENTENG)', 1.2, '2024-04-23 12:56:44', '2024-04-23 12:56:44'),
(88, 'JL.SULTAN ISKANDAR - JL.SULTAN ISKANDAR', 0.7, '2024-04-23 12:57:09', '2024-04-23 12:57:09'),
(89, 'JL.GAMBAS - JL.GAMBAS', 1.1, '2024-04-23 12:57:34', '2024-04-23 12:57:34'),
(90, 'JL.RIMBANG - JL.RIMBANG', 0.55, '2024-04-23 12:58:03', '2024-04-23 12:58:03'),
(91, 'JL.BAWANG  - JL.BAWANG', 0.4, '2024-04-23 12:58:32', '2024-04-23 12:58:32'),
(92, 'JL. K.H. WAHID HASYIM - JL. K.H. WAHID HASYIM', 0.6, '2024-04-23 12:58:56', '2024-04-23 12:58:56'),
(93, 'JL.KACANG - JL.KACANG', 0.5, '2024-04-23 12:59:26', '2024-04-23 12:59:26'),
(94, 'JL.BAYAM - JL.BAYAM', 0.55, '2024-04-23 12:59:53', '2024-04-23 12:59:53'),
(95, 'JL.RANTI - JL.RANTI', 0.6, '2024-04-23 13:00:44', '2024-04-23 13:00:44'),
(96, 'JL.ARCIS - JL.ARCIS', 0.15, '2024-04-23 13:01:10', '2024-04-23 13:01:10'),
(97, 'JL.DURIAN - JL.DURIAN', 1.8, '2024-04-23 13:01:30', '2024-04-23 13:01:30'),
(98, 'JL.JEND.AHMAD YANI - JL.JEND. AHMAD YANI', 0.45, '2024-04-23 13:01:50', '2024-04-23 13:01:50'),
(99, 'JL.LATSITARDA NUSANTARA  - JL.LATSITARDA NUSANTARA', 1.1, '2024-04-23 13:02:10', '2024-04-23 13:02:10'),
(100, 'JL.MELATI - JL.MELATI', 0.5, '2024-04-23 13:02:33', '2024-04-23 13:02:33'),
(101, 'JL.ANGGREK - JL.ANGGREK', 0.5, '2024-04-23 13:02:54', '2024-04-23 13:02:54'),
(102, 'JL.KAMBOJA - JL.KAMBOJA', 0.6, '2024-04-23 13:03:17', '2024-04-23 13:03:17'),
(103, 'JL.NUSA INDAH - JL.NUSA INDAH', 0.26, '2024-04-23 13:03:43', '2024-04-23 13:03:43'),
(104, 'JALAN KURMA II (SMA NEGERI II) - JALAN KURMA II (SMA NEGERI II)', 0.3, '2024-04-23 13:04:07', '2024-04-23 13:04:07'),
(105, 'JL. BACANG - JL. BACANG', 0.35, '2024-04-23 13:04:26', '2024-04-23 13:04:26'),
(106, 'JL.MANGGA - JL.MANGGA', 0.45, '2024-04-23 13:04:46', '2024-04-23 13:04:46'),
(107, 'JL. WIRA KARYA - JL. WIRA KARYA', 0.75, '2024-04-23 13:05:05', '2024-04-23 13:05:05'),
(108, 'JL.KURMA - JL.KURMA', 0.2, '2024-04-23 13:05:28', '2024-04-23 13:05:28'),
(109, 'JL.BELIMBING - JL.BELIMBING', 0.55, '2024-04-23 13:05:49', '2024-04-23 13:05:49'),
(110, 'JL.KUINI -  JL.KUINI', 0.95, '2024-04-23 13:06:08', '2024-04-23 13:06:08'),
(111, 'JL.SAWO - JL.SAWO', 2.2, '2024-04-23 13:06:29', '2024-04-23 13:06:29'),
(112, 'JL.RANDU - JL.RANDU', 1.4, '2024-04-23 13:06:52', '2024-04-23 13:06:52'),
(113, 'JL.KENARI - JL.KENARI', 0.45, '2024-04-23 13:07:17', '2024-04-23 13:07:17'),
(114, 'JL.PRONA - JL.PRONA', 0.65, '2024-04-23 13:07:38', '2024-04-23 13:07:38'),
(115, 'JL.JERUK - JL.JERUK', 0.75, '2024-04-23 13:08:01', '2024-04-23 13:08:01'),
(116, 'JL.NANAS - JL.NANAS', 0.5, '2024-04-23 13:08:34', '2024-04-23 13:08:34'),
(117, 'JL.RAMBUTAN  - JL.RAMBUTAN', 0.45, '2024-04-23 13:09:05', '2024-04-23 13:09:05'),
(118, 'JL.LANGSAT - JL.LANGSAT', 0.8, '2024-04-23 13:09:24', '2024-04-23 13:09:24'),
(119, 'JL.PENDIDIKAN - JL.PENDIDIKAN', 0.35, '2024-04-23 13:09:46', '2024-04-23 13:09:46');

-- --------------------------------------------------------

--
-- Table structure for table `anggaran`
--

CREATE TABLE `anggaran` (
  `id` int(11) NOT NULL,
  `tahun` year(4) NOT NULL,
  `jumlah` double NOT NULL,
  `id_alternatif` int(11) NOT NULL,
  `created_at` timestamp NOT NULL DEFAULT current_timestamp(),
  `updated_at` timestamp NOT NULL DEFAULT current_timestamp()
) ENGINE=MyISAM DEFAULT CHARSET=utf8mb4;

--
-- Dumping data for table `anggaran`
--

INSERT INTO `anggaran` (`id`, `tahun`, `jumlah`, `id_alternatif`, `created_at`, `updated_at`) VALUES
(2, 2024, 200000000, 1, '2024-03-29 09:27:47', '2024-03-29 09:27:47'),
(3, 2023, 100000000, 1, '2024-03-29 09:33:23', '2024-03-29 09:33:23');

-- --------------------------------------------------------

--
-- Table structure for table `kriteria`
--

CREATE TABLE `kriteria` (
  `id_kriteria` int(10) NOT NULL,
  `nama` varchar(128) NOT NULL,
  `bobot` float NOT NULL,
  `urutan_order` int(2) NOT NULL,
  `created_at` timestamp NOT NULL DEFAULT current_timestamp(),
  `updated_at` timestamp NOT NULL DEFAULT current_timestamp()
) ENGINE=MyISAM DEFAULT CHARSET=utf8mb4;

--
-- Dumping data for table `kriteria`
--

INSERT INTO `kriteria` (`id_kriteria`, `nama`, `bobot`, `urutan_order`, `created_at`, `updated_at`) VALUES
(1, 'Umur Jalan', 0.0728, 1, '2024-03-13 13:02:34', '2024-03-13 13:02:34'),
(2, 'Intensitas Kendaraan yang melaju', 0.0585, 2, '2024-03-13 13:02:54', '2024-03-13 13:02:54'),
(3, 'Muatan Kendaraan', 0.3055, 3, '2024-03-13 13:03:09', '2024-03-13 13:03:09'),
(4, 'Jenis Kerusakan Jalan', 0.2125, 4, '2024-03-13 13:03:27', '2024-03-13 13:03:27'),
(5, 'Jenis Permukaan  Jalan', 0.1958, 5, '2024-03-13 13:03:45', '2024-03-13 13:03:45'),
(6, 'Intensitas Hujan', 0.1549, 6, '2024-03-13 13:03:57', '2024-03-13 13:03:57');

-- --------------------------------------------------------

--
-- Table structure for table `nilai_alternatif`
--

CREATE TABLE `nilai_alternatif` (
  `id_nilai_alternatif` int(11) NOT NULL,
  `id_alternatif` int(10) NOT NULL,
  `id_kriteria` int(10) NOT NULL,
  `nilai` float NOT NULL,
  `created_at` timestamp NOT NULL DEFAULT current_timestamp(),
  `updated_at` timestamp NOT NULL DEFAULT current_timestamp()
) ENGINE=InnoDB DEFAULT CHARSET=utf8mb4;

--
-- Dumping data for table `nilai_alternatif`
--

INSERT INTO `nilai_alternatif` (`id_nilai_alternatif`, `id_alternatif`, `id_kriteria`, `nilai`, `created_at`, `updated_at`) VALUES
(1, 1, 1, 3, '2024-03-13 07:29:18', '2024-03-15 07:50:04'),
(2, 1, 2, 5, '2024-03-13 07:29:18', '2024-03-15 08:11:56'),
(3, 1, 3, 4, '2024-03-13 07:29:18', '2024-03-15 08:11:57'),
(4, 1, 4, 4, '2024-03-13 07:29:18', '2024-03-15 08:11:57'),
(5, 1, 5, 2, '2024-03-13 07:29:18', '2024-03-15 08:11:57'),
(6, 1, 6, 1, '2024-03-13 07:29:18', '2024-03-15 08:11:57'),
(7, 2, 1, 5, '2024-03-13 07:30:14', '2024-05-01 00:08:43'),
(8, 2, 2, 2, '2024-03-13 07:30:14', '2024-03-15 08:12:42'),
(9, 2, 3, 2, '2024-03-13 07:30:14', '2024-03-15 08:12:42'),
(10, 2, 4, 3, '2024-03-13 07:30:14', '2024-03-15 07:51:39'),
(11, 2, 5, 4, '2024-03-13 07:30:14', '2024-03-15 08:12:42'),
(12, 2, 6, 3, '2024-03-13 07:30:14', '2024-03-15 07:51:39'),
(13, 3, 1, 1, '2024-03-15 07:52:55', '2024-05-01 00:07:44'),
(14, 3, 2, 5, '2024-03-15 07:52:55', '2024-03-15 08:13:24'),
(15, 3, 3, 5, '2024-03-15 07:52:55', '2024-03-15 08:13:24'),
(16, 3, 4, 5, '2024-03-15 07:52:55', '2024-03-15 08:13:24'),
(17, 3, 5, 2, '2024-03-15 07:52:55', '2024-03-15 08:13:24'),
(18, 3, 6, 2, '2024-03-15 07:52:55', '2024-03-15 08:13:24'),
(19, 4, 1, 4, '2024-03-15 07:53:51', '2024-05-01 00:09:42'),
(20, 4, 2, 1, '2024-03-15 07:53:51', '2024-03-15 08:14:05'),
(21, 4, 3, 2, '2024-03-15 07:53:51', '2024-03-15 08:14:05'),
(22, 4, 4, 3, '2024-03-15 07:53:51', '2024-03-15 07:53:51'),
(23, 4, 5, 1, '2024-03-15 07:53:51', '2024-03-15 08:14:05'),
(24, 4, 6, 1, '2024-03-15 07:53:51', '2024-03-15 08:14:05'),
(25, 5, 1, 3, '2024-03-15 07:54:42', '2024-03-15 07:54:42'),
(26, 5, 2, 5, '2024-03-15 07:54:43', '2024-03-15 08:14:41'),
(27, 5, 3, 3, '2024-03-15 07:54:43', '2024-03-15 07:54:43'),
(28, 5, 4, 4, '2024-03-15 07:54:43', '2024-03-15 08:14:42'),
(29, 5, 5, 5, '2024-03-15 07:54:43', '2024-03-15 08:14:42'),
(30, 5, 6, 5, '2024-03-15 07:54:43', '2024-03-15 08:14:42'),
(31, 6, 1, 2, '2024-03-15 07:57:46', '2024-05-01 00:13:13'),
(32, 6, 2, 1, '2024-03-15 07:57:46', '2024-03-15 08:15:29'),
(33, 6, 3, 1, '2024-03-15 07:57:46', '2024-03-15 08:15:29'),
(34, 6, 4, 2, '2024-03-15 07:57:46', '2024-03-15 08:15:29'),
(35, 6, 5, 2, '2024-03-15 07:57:46', '2024-03-15 08:15:29'),
(36, 6, 6, 1, '2024-03-15 07:57:46', '2024-03-15 08:15:29'),
(37, 7, 1, 4, '2024-03-15 07:58:56', '2024-05-01 00:13:55'),
(38, 7, 2, 1, '2024-03-15 07:58:56', '2024-03-15 08:16:36'),
(39, 7, 3, 1, '2024-03-15 07:58:56', '2024-03-15 08:16:36'),
(40, 7, 4, 1, '2024-03-15 07:58:56', '2024-03-15 08:16:36'),
(41, 7, 5, 5, '2024-03-15 07:58:56', '2024-03-15 08:16:36'),
(42, 7, 6, 4, '2024-03-15 07:58:56', '2024-03-15 08:16:36'),
(43, 8, 1, 5, '2024-03-15 08:02:47', '2024-05-01 00:14:26'),
(44, 8, 2, 1, '2024-03-15 08:02:47', '2024-03-15 08:17:20'),
(45, 8, 3, 1, '2024-03-15 08:02:47', '2024-03-15 08:17:20'),
(46, 8, 4, 2, '2024-03-15 08:02:47', '2024-03-15 08:17:20'),
(47, 8, 5, 5, '2024-03-15 08:02:47', '2024-03-15 08:17:20'),
(48, 8, 6, 5, '2024-03-15 08:02:47', '2024-03-15 08:17:20'),
(49, 9, 1, 5, '2024-03-15 08:03:30', '2024-05-01 00:15:31'),
(50, 9, 2, 2, '2024-03-15 08:03:30', '2024-03-15 08:17:53'),
(51, 9, 3, 1, '2024-03-15 08:03:30', '2024-03-15 08:17:54'),
(52, 9, 4, 1, '2024-03-15 08:03:30', '2024-03-15 08:17:54'),
(53, 9, 5, 2, '2024-03-15 08:03:30', '2024-03-15 08:17:54'),
(54, 9, 6, 2, '2024-03-15 08:03:30', '2024-03-15 08:17:54'),
(55, 10, 1, 3, '2024-03-15 08:04:11', '2024-03-16 17:39:06'),
(56, 10, 2, 2, '2024-03-15 08:04:11', '2024-03-15 08:18:28'),
(57, 10, 3, 1, '2024-03-15 08:04:11', '2024-03-15 08:18:28'),
(58, 10, 4, 1, '2024-03-15 08:04:11', '2024-03-15 08:18:28'),
(59, 10, 5, 5, '2024-03-15 08:04:11', '2024-03-15 08:18:28'),
(60, 10, 6, 4, '2024-03-15 08:04:11', '2024-03-15 08:18:28'),
(61, 32, 1, 2, '2024-05-01 07:57:09', '2024-05-01 07:57:09'),
(62, 32, 2, 2, '2024-05-01 07:57:09', '2024-05-01 07:57:09'),
(63, 32, 3, 2, '2024-05-01 07:57:09', '2024-05-01 07:57:09'),
(64, 32, 4, 3, '2024-05-01 07:57:09', '2024-05-01 07:57:09'),
(65, 32, 5, 2, '2024-05-01 07:57:09', '2024-05-01 07:57:09'),
(66, 32, 6, 5, '2024-05-01 07:57:09', '2024-05-01 07:57:09'),
(67, 33, 1, 5, '2024-05-01 08:08:13', '2024-05-01 08:08:13'),
(68, 33, 2, 3, '2024-05-01 08:08:14', '2024-05-01 08:08:14'),
(69, 33, 3, 2, '2024-05-01 08:08:14', '2024-05-01 08:08:14'),
(70, 33, 4, 3, '2024-05-01 08:08:14', '2024-05-01 08:08:14'),
(71, 33, 5, 4, '2024-05-01 08:08:14', '2024-05-01 08:08:14'),
(72, 33, 6, 5, '2024-05-01 08:08:14', '2024-05-01 08:08:14'),
(73, 34, 1, 4, '2024-05-01 08:09:00', '2024-05-01 08:09:00'),
(74, 34, 2, 3, '2024-05-01 08:09:00', '2024-05-01 08:09:00'),
(75, 34, 3, 2, '2024-05-01 08:09:00', '2024-05-01 08:09:00'),
(76, 34, 4, 4, '2024-05-01 08:09:00', '2024-05-01 08:09:00'),
(77, 34, 5, 3, '2024-05-01 08:09:00', '2024-05-01 08:09:00'),
(78, 34, 6, 5, '2024-05-01 08:09:00', '2024-05-01 08:09:00'),
(79, 35, 1, 5, '2024-05-01 08:09:51', '2024-05-01 08:09:51'),
(80, 35, 2, 1, '2024-05-01 08:09:51', '2024-05-01 08:09:51'),
(81, 35, 3, 1, '2024-05-01 08:09:51', '2024-05-01 08:09:51'),
(82, 35, 4, 1, '2024-05-01 08:09:51', '2024-05-01 08:09:51'),
(83, 35, 5, 5, '2024-05-01 08:09:51', '2024-05-01 08:09:51'),
(84, 35, 6, 5, '2024-05-01 08:09:51', '2024-05-01 08:09:51'),
(85, 36, 1, 2, '2024-05-01 08:10:39', '2024-05-01 08:10:39'),
(86, 36, 2, 1, '2024-05-01 08:10:39', '2024-05-01 08:10:39'),
(87, 36, 3, 1, '2024-05-01 08:10:39', '2024-05-01 08:10:39'),
(88, 36, 4, 1, '2024-05-01 08:10:39', '2024-05-01 08:10:39'),
(89, 36, 5, 1, '2024-05-01 08:10:39', '2024-05-01 08:10:39'),
(90, 36, 6, 5, '2024-05-01 08:10:39', '2024-05-01 08:10:39'),
(91, 37, 1, 3, '2024-05-01 08:11:43', '2024-05-01 08:11:43'),
(92, 37, 2, 4, '2024-05-01 08:11:43', '2024-05-01 08:11:43'),
(93, 37, 3, 2, '2024-05-01 08:11:43', '2024-05-01 08:11:43'),
(94, 37, 4, 3, '2024-05-01 08:11:43', '2024-05-01 08:11:43'),
(95, 37, 5, 2, '2024-05-01 08:11:43', '2024-05-01 08:11:43'),
(96, 37, 6, 4, '2024-05-01 08:11:43', '2024-05-01 08:11:43'),
(97, 38, 1, 3, '2024-05-01 08:12:29', '2024-05-01 08:12:29'),
(98, 38, 2, 5, '2024-05-01 08:12:29', '2024-05-01 08:12:29'),
(99, 38, 3, 3, '2024-05-01 08:12:29', '2024-05-01 08:12:29'),
(100, 38, 4, 3, '2024-05-01 08:12:29', '2024-05-01 08:12:29'),
(101, 38, 5, 1, '2024-05-01 08:12:29', '2024-05-01 08:12:29'),
(102, 38, 6, 3, '2024-05-01 08:12:29', '2024-05-01 08:12:29'),
(103, 39, 1, 3, '2024-05-01 08:13:10', '2024-05-01 08:13:10'),
(104, 39, 2, 4, '2024-05-01 08:13:10', '2024-05-01 08:13:10'),
(105, 39, 3, 2, '2024-05-01 08:13:10', '2024-05-01 08:13:10'),
(106, 39, 4, 1, '2024-05-01 08:13:10', '2024-05-01 08:13:10'),
(107, 39, 5, 2, '2024-05-01 08:13:10', '2024-05-01 08:13:10'),
(108, 39, 6, 3, '2024-05-01 08:13:10', '2024-05-01 08:13:10'),
(109, 40, 1, 3, '2024-05-01 08:14:01', '2024-05-01 08:14:01'),
(110, 40, 2, 1, '2024-05-01 08:14:01', '2024-05-01 08:14:01'),
(111, 40, 3, 1, '2024-05-01 08:14:01', '2024-05-01 08:14:01'),
(112, 40, 4, 1, '2024-05-01 08:14:01', '2024-05-01 08:14:01'),
(113, 40, 5, 2, '2024-05-01 08:14:02', '2024-05-01 08:14:02'),
(114, 40, 6, 3, '2024-05-01 08:14:02', '2024-05-01 08:14:02'),
(115, 41, 1, 3, '2024-05-01 08:14:49', '2024-05-01 08:14:49'),
(116, 41, 2, 5, '2024-05-01 08:14:49', '2024-05-01 08:14:49'),
(117, 41, 3, 4, '2024-05-01 08:14:49', '2024-05-01 08:14:49'),
(118, 41, 4, 3, '2024-05-01 08:14:49', '2024-05-01 08:14:49'),
(119, 41, 5, 2, '2024-05-01 08:14:49', '2024-05-01 08:14:49'),
(120, 41, 6, 4, '2024-05-01 08:14:49', '2024-05-01 08:14:49'),
(121, 42, 1, 2, '2024-05-01 08:15:32', '2024-05-01 08:15:32'),
(122, 42, 2, 1, '2024-05-01 08:15:32', '2024-05-01 08:15:32'),
(123, 42, 3, 1, '2024-05-01 08:15:32', '2024-05-01 08:15:32'),
(124, 42, 4, 1, '2024-05-01 08:15:32', '2024-05-01 08:15:32'),
(125, 42, 5, 1, '2024-05-01 08:15:32', '2024-05-01 08:15:32'),
(126, 42, 6, 1, '2024-05-01 08:15:32', '2024-05-01 08:15:32'),
(127, 43, 1, 4, '2024-05-01 08:16:19', '2024-05-01 08:16:19'),
(128, 43, 2, 3, '2024-05-01 08:16:19', '2024-05-01 08:16:19'),
(129, 43, 3, 3, '2024-05-01 08:16:19', '2024-05-01 08:16:19'),
(130, 43, 4, 2, '2024-05-01 08:16:19', '2024-05-01 08:16:19'),
(131, 43, 5, 4, '2024-05-01 08:16:19', '2024-05-01 08:16:19'),
(132, 43, 6, 2, '2024-05-01 08:16:19', '2024-05-01 08:16:19'),
(133, 44, 1, 2, '2024-05-01 08:16:57', '2024-05-01 08:16:57'),
(134, 44, 2, 1, '2024-05-01 08:16:57', '2024-05-01 08:16:57'),
(135, 44, 3, 1, '2024-05-01 08:16:57', '2024-05-01 08:16:57'),
(136, 44, 4, 1, '2024-05-01 08:16:57', '2024-05-01 08:16:57'),
(137, 44, 5, 1, '2024-05-01 08:16:57', '2024-05-01 08:16:57'),
(138, 44, 6, 2, '2024-05-01 08:16:57', '2024-05-01 08:16:57'),
(139, 45, 1, 1, '2024-05-01 08:17:36', '2024-05-01 08:17:36'),
(140, 45, 2, 5, '2024-05-01 08:17:36', '2024-05-01 08:17:36'),
(141, 45, 3, 1, '2024-05-01 08:17:36', '2024-05-01 08:17:36'),
(142, 45, 4, 1, '2024-05-01 08:17:36', '2024-05-01 08:17:36'),
(143, 45, 5, 1, '2024-05-01 08:17:36', '2024-05-01 08:17:36'),
(144, 45, 6, 1, '2024-05-01 08:17:36', '2024-05-01 08:17:36'),
(145, 46, 1, 5, '2024-05-01 08:18:27', '2024-05-01 08:18:27'),
(146, 46, 2, 2, '2024-05-01 08:18:27', '2024-05-01 08:18:27'),
(147, 46, 3, 3, '2024-05-01 08:18:27', '2024-05-01 08:18:27'),
(148, 46, 4, 3, '2024-05-01 08:18:27', '2024-05-01 08:18:27'),
(149, 46, 5, 4, '2024-05-01 08:18:27', '2024-05-01 08:18:27'),
(150, 46, 6, 4, '2024-05-01 08:18:27', '2024-05-01 08:18:27'),
(151, 47, 1, 2, '2024-05-01 08:19:09', '2024-05-01 08:19:09'),
(152, 47, 2, 2, '2024-05-01 08:19:09', '2024-05-01 08:19:09'),
(153, 47, 3, 1, '2024-05-01 08:19:09', '2024-05-01 08:19:09'),
(154, 47, 4, 1, '2024-05-01 08:19:09', '2024-05-01 08:19:09'),
(155, 47, 5, 1, '2024-05-01 08:19:09', '2024-05-01 08:19:09'),
(156, 47, 6, 2, '2024-05-01 08:19:09', '2024-05-01 08:19:09'),
(157, 48, 1, 3, '2024-05-01 08:19:52', '2024-05-01 08:19:52'),
(158, 48, 2, 2, '2024-05-01 08:19:52', '2024-05-01 08:19:52'),
(159, 48, 3, 2, '2024-05-01 08:19:52', '2024-05-01 08:19:52'),
(160, 48, 4, 2, '2024-05-01 08:19:52', '2024-05-01 08:19:52'),
(161, 48, 5, 3, '2024-05-01 08:19:52', '2024-05-01 08:19:52'),
(162, 48, 6, 3, '2024-05-01 08:19:52', '2024-05-01 08:19:52'),
(163, 49, 1, 3, '2024-05-01 08:20:37', '2024-05-01 08:20:37'),
(164, 49, 2, 2, '2024-05-01 08:20:37', '2024-05-01 08:20:37'),
(165, 49, 3, 2, '2024-05-01 08:20:37', '2024-05-01 08:20:37'),
(166, 49, 4, 2, '2024-05-01 08:20:37', '2024-05-01 08:20:37'),
(167, 49, 5, 2, '2024-05-01 08:20:37', '2024-05-01 08:20:37'),
(168, 49, 6, 3, '2024-05-01 08:20:37', '2024-05-01 08:20:37'),
(169, 50, 1, 2, '2024-05-01 08:21:22', '2024-05-01 08:21:22'),
(170, 50, 2, 3, '2024-05-01 08:21:22', '2024-05-01 08:21:22'),
(171, 50, 3, 2, '2024-05-01 08:21:22', '2024-05-01 08:21:22'),
(172, 50, 4, 4, '2024-05-01 08:21:22', '2024-05-01 08:21:22'),
(173, 50, 5, 2, '2024-05-01 08:21:22', '2024-05-01 08:21:22'),
(174, 50, 6, 3, '2024-05-01 08:21:22', '2024-05-01 08:21:22'),
(175, 51, 1, 2, '2024-05-01 08:22:09', '2024-05-01 08:22:09'),
(176, 51, 2, 2, '2024-05-01 08:22:09', '2024-05-01 08:22:09'),
(177, 51, 3, 2, '2024-05-01 08:22:09', '2024-05-01 08:22:09'),
(178, 51, 4, 1, '2024-05-01 08:22:09', '2024-05-01 08:22:09'),
(179, 51, 5, 1, '2024-05-01 08:22:09', '2024-05-01 08:22:09'),
(180, 51, 6, 2, '2024-05-01 08:22:09', '2024-05-01 08:22:09'),
(181, 52, 1, 3, '2024-05-01 08:25:25', '2024-05-01 08:25:25'),
(182, 52, 2, 2, '2024-05-01 08:25:25', '2024-05-01 08:25:25'),
(183, 52, 3, 3, '2024-05-01 08:25:25', '2024-05-01 08:25:25'),
(184, 52, 4, 3, '2024-05-01 08:25:25', '2024-05-01 08:25:25'),
(185, 52, 5, 1, '2024-05-01 08:25:25', '2024-05-01 08:25:25'),
(186, 52, 6, 4, '2024-05-01 08:25:26', '2024-05-01 08:25:26'),
(187, 53, 1, 5, '2024-05-01 08:27:28', '2024-05-01 08:27:28'),
(188, 53, 2, 2, '2024-05-01 08:27:28', '2024-05-01 08:27:28'),
(189, 53, 3, 4, '2024-05-01 08:27:28', '2024-05-01 08:27:28'),
(190, 53, 4, 3, '2024-05-01 08:27:28', '2024-05-01 08:27:28'),
(191, 53, 5, 4, '2024-05-01 08:27:28', '2024-05-01 08:27:28'),
(192, 53, 6, 4, '2024-05-01 08:27:28', '2024-05-01 08:27:28'),
(193, 54, 1, 4, '2024-05-01 08:28:31', '2024-05-01 08:28:31'),
(194, 54, 2, 2, '2024-05-01 08:28:31', '2024-05-01 08:28:31'),
(195, 54, 3, 1, '2024-05-01 08:28:31', '2024-05-01 08:28:31'),
(196, 54, 4, 1, '2024-05-01 08:28:31', '2024-05-01 08:28:31'),
(197, 54, 5, 1, '2024-05-01 08:28:31', '2024-05-01 08:28:31'),
(198, 54, 6, 4, '2024-05-01 08:28:31', '2024-05-01 08:28:31'),
(199, 55, 1, 4, '2024-05-01 08:31:33', '2024-05-01 08:31:33'),
(200, 55, 2, 1, '2024-05-01 08:31:33', '2024-05-01 08:31:33'),
(201, 55, 3, 2, '2024-05-01 08:31:33', '2024-05-01 08:31:33'),
(202, 55, 4, 2, '2024-05-01 08:31:33', '2024-05-01 08:31:33'),
(203, 55, 5, 2, '2024-05-01 08:31:33', '2024-05-01 08:31:33'),
(204, 55, 6, 4, '2024-05-01 08:31:33', '2024-05-01 08:31:33'),
(205, 56, 1, 3, '2024-05-01 08:32:20', '2024-05-01 08:32:20'),
(206, 56, 2, 1, '2024-05-01 08:32:20', '2024-05-01 08:32:20'),
(207, 56, 3, 1, '2024-05-01 08:32:20', '2024-05-01 08:32:20'),
(208, 56, 4, 1, '2024-05-01 08:32:20', '2024-05-01 08:32:20'),
(209, 56, 5, 1, '2024-05-01 08:32:20', '2024-05-01 08:32:20'),
(210, 56, 6, 3, '2024-05-01 08:32:20', '2024-05-01 08:32:20'),
(211, 57, 1, 3, '2024-05-01 08:34:54', '2024-05-01 08:34:54'),
(212, 57, 2, 3, '2024-05-01 08:34:54', '2024-05-01 08:34:54'),
(213, 57, 3, 1, '2024-05-01 08:34:54', '2024-05-01 08:34:54'),
(214, 57, 4, 2, '2024-05-01 08:34:54', '2024-05-01 08:34:54'),
(215, 57, 5, 2, '2024-05-01 08:34:54', '2024-05-01 08:34:54'),
(216, 57, 6, 4, '2024-05-01 08:34:54', '2024-05-01 08:34:54'),
(217, 58, 1, 4, '2024-05-01 08:36:13', '2024-05-01 08:36:13'),
(218, 58, 2, 3, '2024-05-01 08:36:13', '2024-05-01 08:36:13'),
(219, 58, 3, 2, '2024-05-01 08:36:13', '2024-05-01 08:36:13'),
(220, 58, 4, 2, '2024-05-01 08:36:13', '2024-05-01 08:36:13'),
(221, 58, 5, 1, '2024-05-01 08:36:13', '2024-05-01 08:36:13'),
(222, 58, 6, 4, '2024-05-01 08:36:13', '2024-05-01 08:36:13'),
(223, 59, 1, 5, '2024-05-01 08:37:16', '2024-05-01 08:37:16'),
(224, 59, 2, 3, '2024-05-01 08:37:16', '2024-05-01 08:37:16'),
(225, 59, 3, 2, '2024-05-01 08:37:16', '2024-05-01 08:37:16'),
(226, 59, 4, 5, '2024-05-01 08:37:16', '2024-05-01 08:37:16'),
(227, 59, 5, 4, '2024-05-01 08:37:16', '2024-05-01 08:37:16'),
(228, 59, 6, 4, '2024-05-01 08:37:16', '2024-05-01 08:37:16'),
(229, 60, 1, 3, '2024-05-01 08:38:32', '2024-05-01 08:38:32'),
(230, 60, 2, 1, '2024-05-01 08:38:32', '2024-05-01 08:38:32'),
(231, 60, 3, 1, '2024-05-01 08:38:32', '2024-05-01 08:38:32'),
(232, 60, 4, 2, '2024-05-01 08:38:32', '2024-05-01 08:38:32'),
(233, 60, 5, 1, '2024-05-01 08:38:32', '2024-05-01 08:38:32'),
(234, 60, 6, 3, '2024-05-01 08:38:32', '2024-05-01 08:38:32'),
(235, 61, 1, 5, '2024-05-01 08:39:10', '2024-05-01 08:39:10'),
(236, 61, 2, 1, '2024-05-01 08:39:11', '2024-05-01 08:39:11'),
(237, 61, 3, 2, '2024-05-01 08:39:11', '2024-05-01 08:39:11'),
(238, 61, 4, 1, '2024-05-01 08:39:11', '2024-05-01 08:39:11'),
(239, 61, 5, 2, '2024-05-01 08:39:11', '2024-05-01 08:39:11'),
(240, 61, 6, 4, '2024-05-01 08:39:11', '2024-05-01 08:39:11'),
(241, 62, 1, 4, '2024-05-01 08:39:56', '2024-05-01 08:39:56'),
(242, 62, 2, 1, '2024-05-01 08:39:57', '2024-05-01 08:39:57'),
(243, 62, 3, 1, '2024-05-01 08:39:57', '2024-05-01 08:39:57'),
(244, 62, 4, 1, '2024-05-01 08:39:57', '2024-05-01 08:39:57'),
(245, 62, 5, 1, '2024-05-01 08:39:57', '2024-05-01 08:39:57'),
(246, 62, 6, 3, '2024-05-01 08:39:57', '2024-05-01 08:39:57'),
(247, 63, 1, 5, '2024-05-01 08:41:48', '2024-05-01 08:41:48'),
(248, 63, 2, 3, '2024-05-01 08:41:48', '2024-05-01 08:41:48'),
(249, 63, 3, 2, '2024-05-01 08:41:48', '2024-05-01 08:41:48'),
(250, 63, 4, 2, '2024-05-01 08:41:48', '2024-05-01 08:41:48'),
(251, 63, 5, 2, '2024-05-01 08:41:48', '2024-05-01 08:41:48'),
(252, 63, 6, 4, '2024-05-01 08:41:48', '2024-05-01 08:41:48'),
(253, 64, 1, 4, '2024-05-01 08:42:58', '2024-05-01 08:42:58'),
(254, 64, 2, 3, '2024-05-01 08:42:58', '2024-05-01 08:42:58'),
(255, 64, 3, 3, '2024-05-01 08:42:58', '2024-05-01 08:42:58'),
(256, 64, 4, 3, '2024-05-01 08:42:58', '2024-05-01 08:42:58'),
(257, 64, 5, 3, '2024-05-01 08:42:58', '2024-05-01 08:42:58'),
(258, 64, 6, 1, '2024-05-01 08:42:58', '2024-05-01 08:42:58'),
(259, 65, 1, 4, '2024-05-01 08:43:39', '2024-05-01 08:43:39'),
(260, 65, 2, 4, '2024-05-01 08:43:39', '2024-05-01 08:43:39'),
(261, 65, 3, 4, '2024-05-01 08:43:40', '2024-05-01 08:43:40'),
(262, 65, 4, 5, '2024-05-01 08:43:40', '2024-05-01 08:43:40'),
(263, 65, 5, 5, '2024-05-01 08:43:40', '2024-05-01 08:43:40'),
(264, 65, 6, 3, '2024-05-01 08:43:40', '2024-05-01 08:43:40'),
(265, 66, 1, 4, '2024-05-01 08:44:27', '2024-05-01 08:44:27'),
(266, 66, 2, 2, '2024-05-01 08:44:27', '2024-05-01 08:44:27'),
(267, 66, 3, 3, '2024-05-01 08:44:27', '2024-05-01 08:44:27'),
(268, 66, 4, 4, '2024-05-01 08:44:27', '2024-05-01 08:44:27'),
(269, 66, 5, 4, '2024-05-01 08:44:27', '2024-05-01 08:44:27'),
(270, 66, 6, 3, '2024-05-01 08:44:27', '2024-05-01 08:44:27'),
(271, 67, 1, 3, '2024-05-01 08:45:08', '2024-05-01 08:45:08'),
(272, 67, 2, 1, '2024-05-01 08:45:08', '2024-05-01 08:45:08'),
(273, 67, 3, 2, '2024-05-01 08:45:08', '2024-05-01 08:45:08'),
(274, 67, 4, 2, '2024-05-01 08:45:08', '2024-05-01 08:45:08'),
(275, 67, 5, 1, '2024-05-01 08:45:08', '2024-05-01 08:45:08'),
(276, 67, 6, 3, '2024-05-01 08:45:08', '2024-05-01 08:45:08'),
(277, 68, 1, 4, '2024-05-01 08:46:04', '2024-05-01 08:46:04'),
(278, 68, 2, 5, '2024-05-01 08:46:04', '2024-05-01 08:46:04'),
(279, 68, 3, 4, '2024-05-01 08:46:04', '2024-05-01 08:46:04'),
(280, 68, 4, 4, '2024-05-01 08:46:04', '2024-05-01 08:46:04'),
(281, 68, 5, 4, '2024-05-01 08:46:04', '2024-05-01 08:46:04'),
(282, 68, 6, 4, '2024-05-01 08:46:04', '2024-05-01 08:46:04'),
(283, 69, 1, 2, '2024-05-01 08:46:42', '2024-05-01 08:46:42'),
(284, 69, 2, 1, '2024-05-01 08:46:42', '2024-05-01 08:46:42'),
(285, 69, 3, 4, '2024-05-01 08:46:42', '2024-05-01 08:46:42'),
(286, 69, 4, 4, '2024-05-01 08:46:42', '2024-05-01 08:46:42'),
(287, 69, 5, 2, '2024-05-01 08:46:42', '2024-05-01 08:46:42'),
(288, 69, 6, 4, '2024-05-01 08:46:42', '2024-05-01 08:46:42'),
(289, 70, 1, 1, '2024-05-01 08:47:17', '2024-05-01 08:47:17'),
(290, 70, 2, 1, '2024-05-01 08:47:17', '2024-05-01 08:47:17'),
(291, 70, 3, 1, '2024-05-01 08:47:17', '2024-05-01 08:47:17'),
(292, 70, 4, 1, '2024-05-01 08:47:17', '2024-05-01 08:47:17'),
(293, 70, 5, 1, '2024-05-01 08:47:17', '2024-05-01 08:47:17'),
(294, 70, 6, 2, '2024-05-01 08:47:17', '2024-05-01 08:47:17'),
(295, 71, 1, 4, '2024-05-01 08:47:59', '2024-05-01 08:47:59'),
(296, 71, 2, 4, '2024-05-01 08:47:59', '2024-05-01 08:47:59'),
(297, 71, 3, 5, '2024-05-01 08:47:59', '2024-05-01 08:47:59'),
(298, 71, 4, 5, '2024-05-01 08:47:59', '2024-05-01 08:47:59'),
(299, 71, 5, 5, '2024-05-01 08:47:59', '2024-05-01 08:47:59'),
(300, 71, 6, 5, '2024-05-01 08:47:59', '2024-05-01 08:47:59'),
(301, 72, 1, 2, '2024-05-01 08:49:01', '2024-05-01 08:49:01'),
(302, 72, 2, 1, '2024-05-01 08:49:01', '2024-05-01 08:49:01'),
(303, 72, 3, 1, '2024-05-01 08:49:01', '2024-05-01 08:49:01'),
(304, 72, 4, 1, '2024-05-01 08:49:01', '2024-05-01 08:49:01'),
(305, 72, 5, 1, '2024-05-01 08:49:01', '2024-05-01 08:49:01'),
(306, 72, 6, 3, '2024-05-01 08:49:01', '2024-05-01 08:49:01'),
(307, 73, 1, 4, '2024-05-01 08:49:51', '2024-05-01 08:49:51'),
(308, 73, 2, 2, '2024-05-01 08:49:51', '2024-05-01 08:49:51'),
(309, 73, 3, 3, '2024-05-01 08:49:51', '2024-05-01 08:49:51'),
(310, 73, 4, 2, '2024-05-01 08:49:51', '2024-05-01 08:49:51'),
(311, 73, 5, 2, '2024-05-01 08:49:51', '2024-05-01 08:49:51'),
(312, 73, 6, 3, '2024-05-01 08:49:51', '2024-05-01 08:49:51'),
(313, 74, 1, 5, '2024-05-01 08:50:37', '2024-05-01 08:50:37'),
(314, 74, 2, 2, '2024-05-01 08:50:37', '2024-05-01 08:50:37'),
(315, 74, 3, 2, '2024-05-01 08:50:37', '2024-05-01 08:50:37'),
(316, 74, 4, 3, '2024-05-01 08:50:37', '2024-05-01 08:50:37'),
(317, 74, 5, 2, '2024-05-01 08:50:37', '2024-05-01 08:50:37'),
(318, 74, 6, 3, '2024-05-01 08:50:37', '2024-05-01 08:50:37'),
(319, 75, 1, 5, '2024-05-01 08:51:18', '2024-05-01 08:51:18'),
(320, 75, 2, 3, '2024-05-01 08:51:18', '2024-05-01 08:51:18'),
(321, 75, 3, 2, '2024-05-01 08:51:18', '2024-05-01 08:51:18'),
(322, 75, 4, 3, '2024-05-01 08:51:18', '2024-05-01 08:51:18'),
(323, 75, 5, 2, '2024-05-01 08:51:18', '2024-05-01 08:51:18'),
(324, 75, 6, 4, '2024-05-01 08:51:18', '2024-05-01 08:51:18'),
(325, 76, 1, 5, '2024-05-01 08:52:00', '2024-05-01 08:52:00'),
(326, 76, 2, 3, '2024-05-01 08:52:01', '2024-05-01 08:52:01'),
(327, 76, 3, 2, '2024-05-01 08:52:01', '2024-05-01 08:52:01'),
(328, 76, 4, 3, '2024-05-01 08:52:01', '2024-05-01 08:52:01'),
(329, 76, 5, 2, '2024-05-01 08:52:01', '2024-05-01 08:52:01'),
(330, 76, 6, 4, '2024-05-01 08:52:01', '2024-05-01 08:52:01'),
(331, 77, 1, 5, '2024-05-01 08:52:54', '2024-05-01 08:52:54'),
(332, 77, 2, 3, '2024-05-01 08:52:54', '2024-05-01 08:52:54'),
(333, 77, 3, 2, '2024-05-01 08:52:54', '2024-05-01 08:52:54'),
(334, 77, 4, 1, '2024-05-01 08:52:54', '2024-05-01 08:52:54'),
(335, 77, 5, 2, '2024-05-01 08:52:54', '2024-05-01 08:52:54'),
(336, 77, 6, 4, '2024-05-01 08:52:54', '2024-05-01 08:52:54'),
(337, 78, 1, 2, '2024-05-01 08:53:33', '2024-05-01 08:53:33'),
(338, 78, 2, 1, '2024-05-01 08:53:33', '2024-05-01 08:53:33'),
(339, 78, 3, 1, '2024-05-01 08:53:33', '2024-05-01 08:53:33'),
(340, 78, 4, 1, '2024-05-01 08:53:33', '2024-05-01 08:53:33'),
(341, 78, 5, 1, '2024-05-01 08:53:33', '2024-05-01 08:53:33'),
(342, 78, 6, 2, '2024-05-01 08:53:33', '2024-05-01 08:53:33'),
(343, 79, 1, 2, '2024-05-01 08:54:15', '2024-05-01 08:54:15'),
(344, 79, 2, 4, '2024-05-01 08:54:15', '2024-05-01 08:54:15'),
(345, 79, 3, 1, '2024-05-01 08:54:15', '2024-05-01 08:54:15'),
(346, 79, 4, 1, '2024-05-01 08:54:16', '2024-05-01 08:54:16'),
(347, 79, 5, 1, '2024-05-01 08:54:16', '2024-05-01 08:54:16'),
(348, 79, 6, 3, '2024-05-01 08:54:16', '2024-05-01 08:54:16'),
(349, 80, 1, 2, '2024-05-01 08:54:58', '2024-05-01 08:54:58'),
(350, 80, 2, 5, '2024-05-01 08:54:58', '2024-05-01 08:54:58'),
(351, 80, 3, 1, '2024-05-01 08:54:58', '2024-05-01 08:54:58'),
(352, 80, 4, 1, '2024-05-01 08:54:58', '2024-05-01 08:54:58'),
(353, 80, 5, 1, '2024-05-01 08:54:58', '2024-05-01 08:54:58'),
(354, 80, 6, 3, '2024-05-01 08:54:58', '2024-05-01 08:54:58'),
(355, 81, 1, 4, '2024-05-01 08:55:36', '2024-05-01 08:55:36'),
(356, 81, 2, 4, '2024-05-01 08:55:36', '2024-05-01 08:55:36'),
(357, 81, 3, 2, '2024-05-01 08:55:36', '2024-05-01 08:55:36'),
(358, 81, 4, 2, '2024-05-01 08:55:36', '2024-05-01 08:55:36'),
(359, 81, 5, 1, '2024-05-01 08:55:36', '2024-05-01 08:55:36'),
(360, 81, 6, 2, '2024-05-01 08:55:36', '2024-05-01 08:55:36'),
(361, 82, 1, 5, '2024-05-01 08:56:22', '2024-05-01 08:56:22'),
(362, 82, 2, 1, '2024-05-01 08:56:22', '2024-05-01 08:56:22'),
(363, 82, 3, 1, '2024-05-01 08:56:22', '2024-05-01 08:56:22'),
(364, 82, 4, 1, '2024-05-01 08:56:22', '2024-05-01 08:56:22'),
(365, 82, 5, 2, '2024-05-01 08:56:22', '2024-05-01 08:56:22'),
(366, 82, 6, 2, '2024-05-01 08:56:22', '2024-05-01 08:56:22'),
(367, 83, 1, 5, '2024-05-01 08:57:27', '2024-05-01 08:57:27'),
(368, 83, 2, 5, '2024-05-01 08:57:28', '2024-05-01 08:57:28'),
(369, 83, 3, 1, '2024-05-01 08:57:28', '2024-05-01 08:57:28'),
(370, 83, 4, 2, '2024-05-01 08:57:28', '2024-05-01 08:57:28'),
(371, 83, 5, 1, '2024-05-01 08:57:28', '2024-05-01 08:57:28'),
(372, 83, 6, 3, '2024-05-01 08:57:28', '2024-05-01 08:57:28'),
(373, 84, 1, 3, '2024-05-01 08:58:11', '2024-05-01 08:58:11'),
(374, 84, 2, 1, '2024-05-01 08:58:11', '2024-05-01 08:58:11'),
(375, 84, 3, 1, '2024-05-01 08:58:11', '2024-05-01 08:58:11'),
(376, 84, 4, 1, '2024-05-01 08:58:11', '2024-05-01 08:58:11'),
(377, 84, 5, 1, '2024-05-01 08:58:11', '2024-05-01 08:58:11'),
(378, 84, 6, 1, '2024-05-01 08:58:11', '2024-05-01 08:58:11'),
(379, 85, 1, 3, '2024-05-01 08:59:00', '2024-05-01 08:59:00'),
(380, 85, 2, 1, '2024-05-01 08:59:00', '2024-05-01 08:59:00'),
(381, 85, 3, 1, '2024-05-01 08:59:01', '2024-05-01 08:59:01'),
(382, 85, 4, 1, '2024-05-01 08:59:01', '2024-05-01 08:59:01'),
(383, 85, 5, 1, '2024-05-01 08:59:01', '2024-05-01 08:59:01'),
(384, 85, 6, 2, '2024-05-01 08:59:01', '2024-05-01 08:59:01'),
(385, 86, 1, 5, '2024-05-01 08:59:43', '2024-05-01 08:59:43'),
(386, 86, 2, 4, '2024-05-01 08:59:43', '2024-05-01 08:59:43'),
(387, 86, 3, 3, '2024-05-01 08:59:43', '2024-05-01 08:59:43'),
(388, 86, 4, 4, '2024-05-01 08:59:43', '2024-05-01 08:59:43'),
(389, 86, 5, 2, '2024-05-01 08:59:43', '2024-05-01 08:59:43'),
(390, 86, 6, 4, '2024-05-01 08:59:43', '2024-05-01 08:59:43'),
(391, 87, 1, 4, '2024-05-01 09:00:27', '2024-05-01 09:00:27'),
(392, 87, 2, 4, '2024-05-01 09:00:27', '2024-05-01 09:00:27'),
(393, 87, 3, 3, '2024-05-01 09:00:27', '2024-05-01 09:00:27'),
(394, 87, 4, 3, '2024-05-01 09:00:27', '2024-05-01 09:00:27'),
(395, 87, 5, 1, '2024-05-01 09:00:27', '2024-05-01 09:00:27'),
(396, 87, 6, 4, '2024-05-01 09:00:27', '2024-05-01 09:00:27'),
(397, 88, 1, 2, '2024-05-01 09:01:11', '2024-05-01 09:01:11'),
(398, 88, 2, 2, '2024-05-01 09:01:11', '2024-05-01 09:01:11'),
(399, 88, 3, 1, '2024-05-01 09:01:11', '2024-05-01 09:01:11'),
(400, 88, 4, 1, '2024-05-01 09:01:11', '2024-05-01 09:01:11'),
(401, 88, 5, 1, '2024-05-01 09:01:11', '2024-05-01 09:01:11'),
(402, 88, 6, 2, '2024-05-01 09:01:11', '2024-05-01 09:01:11'),
(403, 89, 1, 2, '2024-05-01 09:01:50', '2024-05-01 09:01:50'),
(404, 89, 2, 2, '2024-05-01 09:01:50', '2024-05-01 09:01:50'),
(405, 89, 3, 1, '2024-05-01 09:01:50', '2024-05-01 09:01:50'),
(406, 89, 4, 1, '2024-05-01 09:01:50', '2024-05-01 09:01:50'),
(407, 89, 5, 1, '2024-05-01 09:01:50', '2024-05-01 09:01:50'),
(408, 89, 6, 2, '2024-05-01 09:01:50', '2024-05-01 09:01:50'),
(409, 90, 1, 2, '2024-05-01 09:02:34', '2024-05-01 09:02:34'),
(410, 90, 2, 2, '2024-05-01 09:02:35', '2024-05-01 09:02:35'),
(411, 90, 3, 1, '2024-05-01 09:02:35', '2024-05-01 09:02:35'),
(412, 90, 4, 1, '2024-05-01 09:02:35', '2024-05-01 09:02:35'),
(413, 90, 5, 1, '2024-05-01 09:02:35', '2024-05-01 09:02:35'),
(414, 90, 6, 3, '2024-05-01 09:02:35', '2024-05-01 09:02:35'),
(415, 91, 1, 4, '2024-05-01 09:03:13', '2024-05-01 09:03:13'),
(416, 91, 2, 2, '2024-05-01 09:03:13', '2024-05-01 09:03:13'),
(417, 91, 3, 2, '2024-05-01 09:03:13', '2024-05-01 09:03:13'),
(418, 91, 4, 4, '2024-05-01 09:03:13', '2024-05-01 09:03:13'),
(419, 91, 5, 4, '2024-05-01 09:03:13', '2024-05-01 09:03:13'),
(420, 91, 6, 4, '2024-05-01 09:03:13', '2024-05-01 09:03:13'),
(421, 92, 1, 4, '2024-05-01 09:03:57', '2024-05-01 09:03:57'),
(422, 92, 2, 3, '2024-05-01 09:03:57', '2024-05-01 09:03:57'),
(423, 92, 3, 1, '2024-05-01 09:03:58', '2024-05-01 09:03:58'),
(424, 92, 4, 3, '2024-05-01 09:03:58', '2024-05-01 09:03:58'),
(425, 92, 5, 2, '2024-05-01 09:03:58', '2024-05-01 09:03:58'),
(426, 92, 6, 3, '2024-05-01 09:03:58', '2024-05-01 09:03:58'),
(427, 93, 1, 5, '2024-05-01 09:04:42', '2024-05-01 09:04:42'),
(428, 93, 2, 2, '2024-05-01 09:04:42', '2024-05-01 09:04:42'),
(429, 93, 3, 2, '2024-05-01 09:04:42', '2024-05-01 09:04:42'),
(430, 93, 4, 3, '2024-05-01 09:04:43', '2024-05-01 09:04:43'),
(431, 93, 5, 1, '2024-05-01 09:04:43', '2024-05-01 09:04:43'),
(432, 93, 6, 2, '2024-05-01 09:04:43', '2024-05-01 09:04:43'),
(433, 94, 1, 5, '2024-05-01 09:05:31', '2024-05-01 09:05:31'),
(434, 94, 2, 2, '2024-05-01 09:05:31', '2024-05-01 09:05:31'),
(435, 94, 3, 4, '2024-05-01 09:05:31', '2024-05-01 09:05:31'),
(436, 94, 4, 2, '2024-05-01 09:05:31', '2024-05-01 09:05:31'),
(437, 94, 5, 2, '2024-05-01 09:05:32', '2024-05-01 09:05:32'),
(438, 94, 6, 4, '2024-05-01 09:05:32', '2024-05-01 09:05:32'),
(439, 95, 1, 5, '2024-05-01 09:06:19', '2024-05-01 09:06:19'),
(440, 95, 2, 2, '2024-05-01 09:06:19', '2024-05-01 09:06:19'),
(441, 95, 3, 4, '2024-05-01 09:06:19', '2024-05-01 09:06:19'),
(442, 95, 4, 4, '2024-05-01 09:06:19', '2024-05-01 09:06:19'),
(443, 95, 5, 5, '2024-05-01 09:06:19', '2024-05-01 09:06:19'),
(444, 95, 6, 4, '2024-05-01 09:06:19', '2024-05-01 09:06:19'),
(445, 96, 1, 2, '2024-05-01 09:07:06', '2024-05-01 09:07:06'),
(446, 96, 2, 2, '2024-05-01 09:07:06', '2024-05-01 09:07:06'),
(447, 96, 3, 1, '2024-05-01 09:07:06', '2024-05-01 09:07:06'),
(448, 96, 4, 1, '2024-05-01 09:07:06', '2024-05-01 09:07:06'),
(449, 96, 5, 1, '2024-05-01 09:07:06', '2024-05-01 09:07:06'),
(450, 96, 6, 3, '2024-05-01 09:07:06', '2024-05-01 09:07:06'),
(451, 97, 1, 4, '2024-05-01 09:07:49', '2024-05-01 09:07:49'),
(452, 97, 2, 1, '2024-05-01 09:07:49', '2024-05-01 09:07:49'),
(453, 97, 3, 2, '2024-05-01 09:07:49', '2024-05-01 09:07:49'),
(454, 97, 4, 4, '2024-05-01 09:07:49', '2024-05-01 09:07:49'),
(455, 97, 5, 3, '2024-05-01 09:07:49', '2024-05-01 09:07:49'),
(456, 97, 6, 4, '2024-05-01 09:07:49', '2024-05-01 09:07:49'),
(457, 98, 1, 4, '2024-05-01 09:08:46', '2024-05-01 09:08:46'),
(458, 98, 2, 1, '2024-05-01 09:08:46', '2024-05-01 09:08:46'),
(459, 98, 3, 1, '2024-05-01 09:08:46', '2024-05-01 09:08:46'),
(460, 98, 4, 2, '2024-05-01 09:08:46', '2024-05-01 09:08:46'),
(461, 98, 5, 2, '2024-05-01 09:08:46', '2024-05-01 09:08:46'),
(462, 98, 6, 4, '2024-05-01 09:08:46', '2024-05-01 09:08:46'),
(463, 99, 1, 3, '2024-05-01 09:09:36', '2024-05-01 09:09:36'),
(464, 99, 2, 1, '2024-05-01 09:09:36', '2024-05-01 09:09:36'),
(465, 99, 3, 1, '2024-05-01 09:09:36', '2024-05-01 09:09:36'),
(466, 99, 4, 1, '2024-05-01 09:09:36', '2024-05-01 09:09:36'),
(467, 99, 5, 1, '2024-05-01 09:09:36', '2024-05-01 09:09:36'),
(468, 99, 6, 3, '2024-05-01 09:09:36', '2024-05-01 09:09:36'),
(469, 100, 1, 4, '2024-05-01 09:10:22', '2024-05-01 09:10:22'),
(470, 100, 2, 3, '2024-05-01 09:10:22', '2024-05-01 09:10:22'),
(471, 100, 3, 2, '2024-05-01 09:10:22', '2024-05-01 09:10:22'),
(472, 100, 4, 2, '2024-05-01 09:10:22', '2024-05-01 09:10:22'),
(473, 100, 5, 1, '2024-05-01 09:10:22', '2024-05-01 09:10:22'),
(474, 100, 6, 4, '2024-05-01 09:10:22', '2024-05-01 09:10:22'),
(475, 101, 1, 5, '2024-05-01 09:11:08', '2024-05-01 09:11:08'),
(476, 101, 2, 3, '2024-05-01 09:11:08', '2024-05-01 09:11:08'),
(477, 101, 3, 2, '2024-05-01 09:11:08', '2024-05-01 09:11:08'),
(478, 101, 4, 2, '2024-05-01 09:11:08', '2024-05-01 09:11:08'),
(479, 101, 5, 3, '2024-05-01 09:11:08', '2024-05-01 09:11:08'),
(480, 101, 6, 4, '2024-05-01 09:11:08', '2024-05-01 09:11:08'),
(481, 102, 1, 5, '2024-05-01 09:11:59', '2024-05-01 09:11:59'),
(482, 102, 2, 1, '2024-05-01 09:11:59', '2024-05-01 09:11:59'),
(483, 102, 3, 1, '2024-05-01 09:11:59', '2024-05-01 09:11:59'),
(484, 102, 4, 2, '2024-05-01 09:11:59', '2024-05-01 09:11:59'),
(485, 102, 5, 2, '2024-05-01 09:11:59', '2024-05-01 09:11:59'),
(486, 102, 6, 3, '2024-05-01 09:11:59', '2024-05-01 09:11:59'),
(487, 103, 1, 4, '2024-05-01 09:12:49', '2024-05-01 09:12:49'),
(488, 103, 2, 1, '2024-05-01 09:12:49', '2024-05-01 09:12:49'),
(489, 103, 3, 3, '2024-05-01 09:12:49', '2024-05-01 09:12:49'),
(490, 103, 4, 3, '2024-05-01 09:12:49', '2024-05-01 09:12:49'),
(491, 103, 5, 2, '2024-05-01 09:12:49', '2024-05-01 09:12:49'),
(492, 103, 6, 4, '2024-05-01 09:12:49', '2024-05-01 09:12:49'),
(493, 104, 1, 2, '2024-05-01 09:13:39', '2024-05-01 09:13:39'),
(494, 104, 2, 1, '2024-05-01 09:13:39', '2024-05-01 09:13:39'),
(495, 104, 3, 1, '2024-05-01 09:13:39', '2024-05-01 09:13:39'),
(496, 104, 4, 1, '2024-05-01 09:13:39', '2024-05-01 09:13:39'),
(497, 104, 5, 1, '2024-05-01 09:13:39', '2024-05-01 09:13:39'),
(498, 104, 6, 3, '2024-05-01 09:13:39', '2024-05-01 09:13:39'),
(499, 105, 1, 5, '2024-05-01 09:14:28', '2024-05-01 09:14:28'),
(500, 105, 2, 3, '2024-05-01 09:14:28', '2024-05-01 09:14:28'),
(501, 105, 3, 4, '2024-05-01 09:14:28', '2024-05-01 09:14:28'),
(502, 105, 4, 5, '2024-05-01 09:14:28', '2024-05-01 09:14:28'),
(503, 105, 5, 5, '2024-05-01 09:14:28', '2024-05-01 09:14:28'),
(504, 105, 6, 4, '2024-05-01 09:14:28', '2024-05-01 09:14:28'),
(505, 106, 1, 3, '2024-05-01 09:15:12', '2024-05-01 09:15:12'),
(506, 106, 2, 3, '2024-05-01 09:15:12', '2024-05-01 09:15:12'),
(507, 106, 3, 1, '2024-05-01 09:15:12', '2024-05-01 09:15:12'),
(508, 106, 4, 2, '2024-05-01 09:15:12', '2024-05-01 09:15:12'),
(509, 106, 5, 1, '2024-05-01 09:15:12', '2024-05-01 09:15:12'),
(510, 106, 6, 2, '2024-05-01 09:15:12', '2024-05-01 09:15:12'),
(511, 107, 1, 3, '2024-05-01 09:15:53', '2024-05-01 09:15:53'),
(512, 107, 2, 2, '2024-05-01 09:15:54', '2024-05-01 09:15:54'),
(513, 107, 3, 2, '2024-05-01 09:15:54', '2024-05-01 09:15:54'),
(514, 107, 4, 2, '2024-05-01 09:15:54', '2024-05-01 09:15:54'),
(515, 107, 5, 2, '2024-05-01 09:15:54', '2024-05-01 09:15:54'),
(516, 107, 6, 2, '2024-05-01 09:15:54', '2024-05-01 09:15:54'),
(517, 108, 1, 5, '2024-05-01 09:16:36', '2024-05-01 09:16:36'),
(518, 108, 2, 4, '2024-05-01 09:16:36', '2024-05-01 09:16:36'),
(519, 108, 3, 4, '2024-05-01 09:16:36', '2024-05-01 09:16:36'),
(520, 108, 4, 5, '2024-05-01 09:16:36', '2024-05-01 09:16:36'),
(521, 108, 5, 5, '2024-05-01 09:16:36', '2024-05-01 09:16:36'),
(522, 108, 6, 5, '2024-05-01 09:16:36', '2024-05-01 09:16:36'),
(523, 109, 1, 4, '2024-05-01 09:17:32', '2024-05-01 09:17:32'),
(524, 109, 2, 4, '2024-05-01 09:17:32', '2024-05-01 09:17:32'),
(525, 109, 3, 4, '2024-05-01 09:17:32', '2024-05-01 09:17:32'),
(526, 109, 4, 4, '2024-05-01 09:17:32', '2024-05-01 09:17:32'),
(527, 109, 5, 5, '2024-05-01 09:17:33', '2024-05-01 09:17:33'),
(528, 109, 6, 4, '2024-05-01 09:17:33', '2024-05-01 09:17:33'),
(529, 110, 1, 3, '2024-05-01 09:18:15', '2024-05-01 09:18:15'),
(530, 110, 2, 2, '2024-05-01 09:18:15', '2024-05-01 09:18:15'),
(531, 110, 3, 3, '2024-05-01 09:18:15', '2024-05-01 09:18:15'),
(532, 110, 4, 2, '2024-05-01 09:18:15', '2024-05-01 09:18:15'),
(533, 110, 5, 2, '2024-05-01 09:18:15', '2024-05-01 09:18:15'),
(534, 110, 6, 4, '2024-05-01 09:18:15', '2024-05-01 09:18:15'),
(535, 111, 1, 4, '2024-05-01 09:19:01', '2024-05-01 09:19:01'),
(536, 111, 2, 1, '2024-05-01 09:19:01', '2024-05-01 09:19:01'),
(537, 111, 3, 1, '2024-05-01 09:19:01', '2024-05-01 09:19:01'),
(538, 111, 4, 3, '2024-05-01 09:19:01', '2024-05-01 09:19:01'),
(539, 111, 5, 2, '2024-05-01 09:19:01', '2024-05-01 09:19:01'),
(540, 111, 6, 2, '2024-05-01 09:19:01', '2024-05-01 09:19:01'),
(541, 112, 1, 4, '2024-05-01 09:19:34', '2024-05-01 09:19:34'),
(542, 112, 2, 1, '2024-05-01 09:19:34', '2024-05-01 09:19:34'),
(543, 112, 3, 4, '2024-05-01 09:19:34', '2024-05-01 09:19:34'),
(544, 112, 4, 4, '2024-05-01 09:19:34', '2024-05-01 09:19:34'),
(545, 112, 5, 4, '2024-05-01 09:19:34', '2024-05-01 09:19:34'),
(546, 112, 6, 4, '2024-05-01 09:19:34', '2024-05-01 09:19:34'),
(547, 113, 1, 5, '2024-05-01 09:20:19', '2024-05-01 09:20:19'),
(548, 113, 2, 1, '2024-05-01 09:20:19', '2024-05-01 09:20:19'),
(549, 113, 3, 4, '2024-05-01 09:20:19', '2024-05-01 09:20:19'),
(550, 113, 4, 4, '2024-05-01 09:20:19', '2024-05-01 09:20:19'),
(551, 113, 5, 4, '2024-05-01 09:20:19', '2024-05-01 09:20:19'),
(552, 113, 6, 4, '2024-05-01 09:20:19', '2024-05-01 09:20:19'),
(553, 114, 1, 4, '2024-05-01 09:21:00', '2024-05-01 09:21:00'),
(554, 114, 2, 3, '2024-05-01 09:21:00', '2024-05-01 09:21:00'),
(555, 114, 3, 4, '2024-05-01 09:21:00', '2024-05-01 09:21:00'),
(556, 114, 4, 5, '2024-05-01 09:21:00', '2024-05-01 09:21:00'),
(557, 114, 5, 4, '2024-05-01 09:21:00', '2024-05-01 09:21:00'),
(558, 114, 6, 2, '2024-05-01 09:21:01', '2024-05-01 09:21:01'),
(559, 115, 1, 2, '2024-05-01 09:21:37', '2024-05-01 09:21:37'),
(560, 115, 2, 3, '2024-05-01 09:21:37', '2024-05-01 09:21:37'),
(561, 115, 3, 1, '2024-05-01 09:21:37', '2024-05-01 09:21:37'),
(562, 115, 4, 1, '2024-05-01 09:21:37', '2024-05-01 09:21:37'),
(563, 115, 5, 1, '2024-05-01 09:21:37', '2024-05-01 09:21:37'),
(564, 115, 6, 2, '2024-05-01 09:21:37', '2024-05-01 09:21:37'),
(565, 116, 1, 1, '2024-05-01 09:22:13', '2024-05-01 09:22:13'),
(566, 116, 2, 3, '2024-05-01 09:22:13', '2024-05-01 09:22:13'),
(567, 116, 3, 3, '2024-05-01 09:22:13', '2024-05-01 09:22:13'),
(568, 116, 4, 5, '2024-05-01 09:22:13', '2024-05-01 09:22:13'),
(569, 116, 5, 5, '2024-05-01 09:22:13', '2024-05-01 09:22:13'),
(570, 116, 6, 4, '2024-05-01 09:22:13', '2024-05-01 09:22:13'),
(571, 117, 1, 2, '2024-05-01 09:22:50', '2024-05-01 09:22:50'),
(572, 117, 2, 1, '2024-05-01 09:22:50', '2024-05-01 09:22:50'),
(573, 117, 3, 3, '2024-05-01 09:22:50', '2024-05-01 09:22:50'),
(574, 117, 4, 4, '2024-05-01 09:22:50', '2024-05-01 09:22:50'),
(575, 117, 5, 2, '2024-05-01 09:22:50', '2024-05-01 09:22:50'),
(576, 117, 6, 4, '2024-05-01 09:22:50', '2024-05-01 09:22:50'),
(577, 118, 1, 2, '2024-05-01 09:23:25', '2024-05-01 09:23:25'),
(578, 118, 2, 3, '2024-05-01 09:23:25', '2024-05-01 09:23:25'),
(579, 118, 3, 2, '2024-05-01 09:23:26', '2024-05-01 09:23:26'),
(580, 118, 4, 3, '2024-05-01 09:23:26', '2024-05-01 09:23:26'),
(581, 118, 5, 3, '2024-05-01 09:23:26', '2024-05-01 09:23:26'),
(582, 118, 6, 2, '2024-05-01 09:23:26', '2024-05-01 09:23:26'),
(583, 119, 1, 2, '2024-05-01 09:23:59', '2024-05-01 09:23:59'),
(584, 119, 2, 1, '2024-05-01 09:23:59', '2024-05-01 09:23:59'),
(585, 119, 3, 2, '2024-05-01 09:23:59', '2024-05-01 09:23:59'),
(586, 119, 4, 2, '2024-05-01 09:23:59', '2024-05-01 09:23:59'),
(587, 119, 5, 1, '2024-05-01 09:23:59', '2024-05-01 09:23:59'),
(588, 119, 6, 2, '2024-05-01 09:23:59', '2024-05-01 09:23:59');

-- --------------------------------------------------------

--
-- Table structure for table `node`
--

CREATE TABLE `node` (
  `id` int(11) NOT NULL,
  `id_alternatif` int(11) NOT NULL,
  `latitude` double NOT NULL,
  `longitude` double NOT NULL,
  `created_at` timestamp NOT NULL DEFAULT current_timestamp(),
  `updated_at` timestamp NOT NULL DEFAULT current_timestamp()
) ENGINE=MyISAM DEFAULT CHARSET=utf8mb4;

--
-- Dumping data for table `node`
--

INSERT INTO `node` (`id`, `id_alternatif`, `latitude`, `longitude`, `created_at`, `updated_at`) VALUES
(39, 1, 2.9815669018538, 99.650770761073, '2024-03-29 10:39:11', '2024-03-29 10:39:11'),
(38, 1, 2.9816971477092, 99.647938348353, '2024-03-29 10:39:11', '2024-03-29 10:39:11'),
(17, 2, 2.9850225672297, 99.624491397475, '2024-03-28 12:06:46', '2024-03-28 12:06:46'),
(18, 2, 2.9773906259033, 99.629984561537, '2024-03-28 12:06:46', '2024-03-28 12:06:46'),
(19, 2, 2.9851906474683, 99.6168524662, '2024-03-28 12:06:46', '2024-03-28 12:06:46'),
(20, 3, 2.9824511372671, 99.634962741469, '2024-03-29 08:06:44', '2024-03-29 08:06:44'),
(21, 3, 2.9976157906129, 99.644855398868, '2024-03-29 08:06:44', '2024-03-29 08:06:44'),
(22, 4, 2.9640223802243, 99.633417789076, '2024-03-29 08:07:02', '2024-03-29 08:07:02'),
(23, 4, 2.9667652844806, 99.649639789198, '2024-03-29 08:07:02', '2024-03-29 08:07:02'),
(24, 4, 2.9763653957446, 99.655412573551, '2024-03-29 08:07:02', '2024-03-29 08:07:02'),
(25, 5, 2.9750796714019, 99.633246127699, '2024-03-29 08:07:24', '2024-03-29 08:07:24'),
(26, 5, 2.9863939940827, 99.640198413466, '2024-03-29 08:07:24', '2024-03-29 08:07:24'),
(27, 5, 2.9923906182289, 99.620714847182, '2024-03-29 08:07:24', '2024-03-29 08:07:24'),
(28, 6, 2.97156535055, 99.632130328749, '2024-03-29 08:07:44', '2024-03-29 08:07:44'),
(29, 6, 2.9641080960853, 99.636164371108, '2024-03-29 08:07:44', '2024-03-29 08:07:44'),
(30, 6, 2.9665081374955, 99.624989703298, '2024-03-29 08:07:44', '2024-03-29 08:07:44'),
(31, 7, 2.9841524584195, 99.645850255141, '2024-03-29 08:08:21', '2024-03-29 08:08:21'),
(32, 7, 2.9747238450552, 99.655291630874, '2024-03-29 08:08:21', '2024-03-29 08:08:21'),
(33, 7, 2.975152420141, 99.63915546144, '2024-03-29 08:08:21', '2024-03-29 08:08:21'),
(34, 7, 2.9800381643376, 99.644562794814, '2024-03-29 08:08:21', '2024-03-29 08:08:21'),
(35, 8, 2.983625543743, 99.615037137022, '2024-03-29 08:08:38', '2024-03-29 08:08:38'),
(36, 8, 2.9975078309383, 99.628340893736, '2024-03-29 08:08:38', '2024-03-29 08:08:38'),
(37, 8, 2.9901331179327, 99.630314999571, '2024-03-29 08:08:38', '2024-03-29 08:08:38'),
(40, 31, 2.9748225263534, 99.634276095961, '2024-04-23 11:57:45', '2024-04-23 11:57:45'),
(41, 31, 2.9753368163904, 99.643420569939, '2024-04-23 11:57:45', '2024-04-23 11:57:45'),
(42, 32, 2.9746510962878, 99.633846942519, '2024-04-23 12:04:54', '2024-04-23 12:04:54'),
(43, 32, 2.974136805931, 99.639168445204, '2024-04-23 12:04:54', '2024-04-23 12:04:54'),
(44, 33, 2.9755082463495, 99.632216159438, '2024-04-23 12:08:01', '2024-04-23 12:08:01'),
(45, 33, 2.9755082463495, 99.640627566908, '2024-04-23 12:08:01', '2024-04-23 12:08:01'),
(46, 34, 2.9763653957446, 99.636336032485, '2024-04-23 12:08:58', '2024-04-23 12:08:58'),
(47, 34, 2.9761939659189, 99.642515842055, '2024-04-23 12:08:58', '2024-04-23 12:08:58'),
(55, 37, 2.9730225093351, 99.633331958388, '2024-04-23 12:23:00', '2024-04-23 12:23:00'),
(54, 35, 2.9701939052302, 99.644146625136, '2024-04-23 12:12:56', '2024-04-23 12:12:56'),
(53, 35, 2.9716510658259, 99.636250201796, '2024-04-23 12:12:56', '2024-04-23 12:12:56'),
(51, 36, 2.9743939511394, 99.639769260024, '2024-04-23 12:10:21', '2024-04-23 12:10:21'),
(52, 36, 2.9750796714019, 99.645519916152, '2024-04-23 12:10:21', '2024-04-23 12:10:21'),
(56, 37, 2.9750796714019, 99.638739291762, '2024-04-23 12:23:00', '2024-04-23 12:23:00'),
(57, 38, 2.9761939659189, 99.634018603896, '2024-04-23 12:23:48', '2024-04-23 12:23:48'),
(58, 38, 2.9782511220667, 99.639340106581, '2024-04-23 12:23:48', '2024-04-23 12:23:48'),
(59, 39, 2.9767939701921, 99.637880984877, '2024-04-23 12:24:35', '2024-04-23 12:24:35'),
(60, 39, 2.9767939701921, 99.637880984877, '2024-04-23 12:24:35', '2024-04-23 12:24:35'),
(61, 39, 2.9781654073039, 99.633331958388, '2024-04-23 12:24:35', '2024-04-23 12:24:35'),
(62, 40, 2.9749082413763, 99.636421863173, '2024-04-23 12:25:15', '2024-04-23 12:25:15'),
(63, 40, 2.9755082463495, 99.640284244155, '2024-04-23 12:25:15', '2024-04-23 12:25:15'),
(64, 41, 2.9727653638069, 99.638395969008, '2024-04-23 12:25:57', '2024-04-23 12:25:57'),
(65, 41, 2.97156535055, 99.645863238906, '2024-04-23 12:25:57', '2024-04-23 12:25:57'),
(66, 42, 2.9743939511394, 99.637194339369, '2024-04-23 12:26:46', '2024-04-23 12:26:46'),
(67, 42, 2.9763653957446, 99.641400043105, '2024-04-23 12:26:46', '2024-04-23 12:26:46'),
(68, 43, 2.9763653957446, 99.635391894911, '2024-04-23 12:27:22', '2024-04-23 12:27:22'),
(69, 43, 2.9752511014009, 99.642344180678, '2024-04-23 12:27:22', '2024-04-23 12:27:22'),
(70, 44, 2.9740510908482, 99.638224307631, '2024-04-23 12:27:55', '2024-04-23 12:27:55'),
(71, 44, 2.9768796850616, 99.641743365859, '2024-04-23 12:27:55', '2024-04-23 12:27:55'),
(75, 45, 2.976108250996, 99.640627566908, '2024-04-23 12:38:33', '2024-04-23 12:38:33'),
(74, 45, 2.977222544473, 99.63659352455, '2024-04-23 12:38:33', '2024-04-23 12:38:33');

-- --------------------------------------------------------

--
-- Table structure for table `pengaduan`
--

CREATE TABLE `pengaduan` (
  `id` int(11) NOT NULL,
  `pelapor` char(25) NOT NULL,
  `deskripsi` varchar(150) NOT NULL,
  `foto` text DEFAULT 'none.jpg',
  `id_jalan` int(11) NOT NULL,
  `created_at` timestamp NOT NULL DEFAULT current_timestamp(),
  `updated_at` timestamp NOT NULL DEFAULT current_timestamp()
) ENGINE=MyISAM DEFAULT CHARSET=utf8mb4;

--
-- Dumping data for table `pengaduan`
--

INSERT INTO `pengaduan` (`id`, `pelapor`, `deskripsi`, `foto`, `id_jalan`, `created_at`, `updated_at`) VALUES
(1, 'Tri Ulandari', 'Jalan Rusak', 'none.jpg', 1, '2024-03-25 13:01:18', '2024-03-25 13:01:18'),
(2, 'Tri Ulandari', 'Jalan Rusak', 'Tri Ulandari-2024-03-26.png', 2, '2024-03-25 13:52:34', '2024-03-25 13:52:34'),
(3, 'ulan', 'RUSAK PARAH', 'ulan-2024-04-24.jpg', 1, '2024-04-23 12:14:17', '2024-04-23 12:14:17');

-- --------------------------------------------------------

--
-- Table structure for table `pilihan_kriteria`
--

CREATE TABLE `pilihan_kriteria` (
  `id_pil_kriteria` int(10) NOT NULL,
  `id_kriteria` int(10) NOT NULL,
  `nama` varchar(50) NOT NULL,
  `nilai` float NOT NULL,
  `created_at` timestamp NOT NULL DEFAULT current_timestamp(),
  `updated_at` timestamp NOT NULL DEFAULT current_timestamp()
) ENGINE=InnoDB DEFAULT CHARSET=utf8mb4;

--
-- Dumping data for table `pilihan_kriteria`
--

INSERT INTO `pilihan_kriteria` (`id_pil_kriteria`, `id_kriteria`, `nama`, `nilai`, `created_at`, `updated_at`) VALUES
(1, 1, '<9 Tahun', 5, '2024-03-13 13:06:30', '2024-04-30 22:26:28'),
(2, 1, '9-11 Tahun', 4, '2024-03-13 13:06:44', '2024-04-30 22:26:46'),
(3, 1, '12-14 Tahun', 3, '2024-03-13 13:06:54', '2024-03-13 13:06:53'),
(4, 1, '15-17 Tahun', 2, '2024-03-13 13:07:09', '2024-04-30 22:27:31'),
(5, 1, '>= 18 Tahun', 1, '2024-03-13 13:07:34', '2024-04-30 22:28:22'),
(6, 2, '>= 20 987 Kendaraan', 5, '2024-03-13 13:49:15', '2024-03-13 13:50:01'),
(7, 2, '16790-20986 Kendaraan', 4, '2024-03-13 13:49:27', '2024-04-30 22:31:00'),
(8, 2, '12597-16789 Kendaraan', 3, '2024-03-13 13:49:50', '2024-04-30 22:30:40'),
(9, 2, '8396-12596 Kendaraan', 2, '2024-03-13 13:50:16', '2024-04-30 22:30:13'),
(10, 2, '0-8395 Kendaraan', 1, '2024-03-13 13:50:47', '2024-03-13 13:50:47'),
(11, 3, '<32 ton', 1, '2024-03-13 13:51:33', '2024-04-30 22:32:52'),
(12, 3, '32-48 ton', 2, '2024-03-13 13:51:45', '2024-04-30 22:33:13'),
(13, 3, '49-64 ton', 3, '2024-03-13 13:51:56', '2024-04-30 22:33:43'),
(14, 3, '65-79 ton', 4, '2024-03-13 13:52:06', '2024-04-30 22:34:08'),
(15, 3, '>= 80 ton', 5, '2024-03-13 13:52:18', '2024-04-30 22:34:23'),
(16, 4, '<= 1 Tahun', 1, '2024-03-13 13:52:54', '2024-04-30 22:35:44'),
(17, 4, '2-3 Tahun', 2, '2024-03-13 13:53:05', '2024-03-13 13:53:05'),
(18, 4, '4-5Tahun', 3, '2024-03-13 13:53:15', '2024-03-13 13:53:15'),
(19, 4, '6-7 Tahun', 4, '2024-03-13 13:53:24', '2024-03-13 13:53:24'),
(20, 4, '> 8 Tahun', 5, '2024-03-13 13:53:37', '2024-03-13 13:53:37'),
(21, 5, '0-20% Lubang', 1, '2024-03-13 13:53:55', '2024-03-13 13:53:55'),
(22, 5, '21-40% Lubang', 2, '2024-03-13 13:54:04', '2024-03-13 13:54:04'),
(23, 5, '41-60% Lubang', 3, '2024-03-13 13:54:12', '2024-03-13 13:54:12'),
(24, 5, '61-80% Lubang', 4, '2024-03-13 13:54:20', '2024-03-13 13:54:20'),
(25, 5, '> 80% Lubang', 5, '2024-03-13 13:55:01', '2024-03-13 13:55:01'),
(26, 6, '<= 20mm/hari', 1, '2024-03-13 13:59:42', '2024-04-30 22:38:58'),
(27, 6, '>150 mm/hari', 5, '2024-03-13 13:59:53', '2024-04-30 22:42:22'),
(28, 6, '21  50 mm/hari', 2, '2024-03-13 14:00:02', '2024-04-30 22:43:23'),
(29, 6, '51  100 mm/hari', 3, '2024-03-13 14:00:13', '2024-04-30 22:42:50'),
(30, 6, '101-150mm/hari', 4, '2024-03-13 14:00:26', '2024-04-30 22:43:01');

-- --------------------------------------------------------

--
-- Table structure for table `users`
--

CREATE TABLE `users` (
  `id` bigint(20) UNSIGNED NOT NULL,
  `name` varchar(255) NOT NULL,
  `email` varchar(255) NOT NULL,
  `jabatan` varchar(50) NOT NULL,
  `nip` varchar(20) NOT NULL,
  `no_hp` double NOT NULL,
  `password` varchar(255) NOT NULL,
  `level` enum('Admin','Pimpinan') NOT NULL DEFAULT 'Admin',
  `alamat` varchar(250) NOT NULL,
  `last_login` timestamp NOT NULL DEFAULT current_timestamp(),
  `created_at` timestamp NOT NULL DEFAULT current_timestamp(),
  `updated_at` timestamp NOT NULL DEFAULT current_timestamp()
) ENGINE=MyISAM DEFAULT CHARSET=utf8mb4;

--
-- Dumping data for table `users`
--

INSERT INTO `users` (`id`, `name`, `email`, `jabatan`, `nip`, `no_hp`, `password`, `level`, `alamat`, `last_login`, `created_at`, `updated_at`) VALUES
(1, 'admin', 'admin@gmail.com', 'Admin Kecamatan', '2222', 0, '$2y$10$BWPprPis/keIBtL8dWF1geYcApJ7tRCiltn5Z7dib1XxKP/ZJHiqy', 'Admin', '', '2024-01-19 18:11:51', '2023-11-12 14:12:21', '2024-04-23 18:30:30'),
(2, 'Admin PUPR', 'pimpinan@gmail.com', 'Kepala Dinas PUPR', '20292', 82192802192, '$2y$10$.zyv.mN4ewS36HGJcBDXWua88yylf2MwZRK3603IZfRfoNZhJEvHy', 'Pimpinan', 'Jl. Bank Sumut', '2023-11-13 13:17:48', '2023-11-12 14:12:21', '2023-11-13 13:17:48');

--
-- Indexes for dumped tables
--

--
-- Indexes for table `alternatif`
--
ALTER TABLE `alternatif`
  ADD PRIMARY KEY (`id_alternatif`);

--
-- Indexes for table `anggaran`
--
ALTER TABLE `anggaran`
  ADD PRIMARY KEY (`id`);

--
-- Indexes for table `kriteria`
--
ALTER TABLE `kriteria`
  ADD PRIMARY KEY (`id_kriteria`);

--
-- Indexes for table `node`
--
ALTER TABLE `node`
  ADD PRIMARY KEY (`id`);

--
-- Indexes for table `pengaduan`
--
ALTER TABLE `pengaduan`
  ADD PRIMARY KEY (`id`);

--
-- Indexes for table `users`
--
ALTER TABLE `users`
  ADD PRIMARY KEY (`id`);

--
-- AUTO_INCREMENT for dumped tables
--

--
-- AUTO_INCREMENT for table `alternatif`
--
ALTER TABLE `alternatif`
  MODIFY `id_alternatif` int(10) NOT NULL AUTO_INCREMENT, AUTO_INCREMENT=120;

--
-- AUTO_INCREMENT for table `anggaran`
--
ALTER TABLE `anggaran`
  MODIFY `id` int(11) NOT NULL AUTO_INCREMENT, AUTO_INCREMENT=4;

--
-- AUTO_INCREMENT for table `kriteria`
--
ALTER TABLE `kriteria`
  MODIFY `id_kriteria` int(10) NOT NULL AUTO_INCREMENT, AUTO_INCREMENT=7;

--
-- AUTO_INCREMENT for table `node`
--
ALTER TABLE `node`
  MODIFY `id` int(11) NOT NULL AUTO_INCREMENT, AUTO_INCREMENT=76;

--
-- AUTO_INCREMENT for table `pengaduan`
--
ALTER TABLE `pengaduan`
  MODIFY `id` int(11) NOT NULL AUTO_INCREMENT, AUTO_INCREMENT=4;

--
-- AUTO_INCREMENT for table `users`
--
ALTER TABLE `users`
  MODIFY `id` bigint(20) UNSIGNED NOT NULL AUTO_INCREMENT, AUTO_INCREMENT=6;
COMMIT;

/*!40101 SET CHARACTER_SET_CLIENT=@OLD_CHARACTER_SET_CLIENT */;
/*!40101 SET CHARACTER_SET_RESULTS=@OLD_CHARACTER_SET_RESULTS */;
/*!40101 SET COLLATION_CONNECTION=@OLD_COLLATION_CONNECTION */;
